text,target
This is a night where I wanna run da streets of Harlem but I can't ,0
Omg hip still hurts! hopefully it will feel better soon ,0
has to wake up soon but can't sleep! work in 4 hours ... ,0
im so not in the mood for work today i dont wanna go ,0
@DexterVonDoom  do You know he just joined Twitter!~ =  @MatthewSantos ...cant wait to hear it...broke till next week ,0
what a boring rainy Sunday ,0
sunday  last day of half term...i finnish skwl totally on may 15th then all hav to do is go on for examz...dreadin results in summer tho!,0
awake with a sick little guy.  ,0
Not feeling good this morning ,0
working on a project due on tuesday!! blaaah ,0
@fourtonmantis frank gave me nightmares ,0
@temposhark Renting movies on iTunes requires one of the newer video enabled iPods. I have one of the early ones that is not compatible ,0
@abilovesjesus I'm sorry.   Hope you get better soon!  Love you!,0
@riversideboy yeeeeehaaa parttty on im gunna tweet later coz my battery is about to die noooo  x x take care,0
Lots of homework to do ,0
@auditiondanny How the hell did that happen?  Poor Danny.,0
In my room. Bored. Need to go to sleep.. ,0
@kanupriyasindhu cold and cough and fever..and still in office ,0
"Lost my Nokia 6233 last evening, in front of my own house! Super stupidity ",0
is thinking how home it would be to still be at nice!! ,0
im in IT ,0
Oh no.. Sudden stomach cramp in heavy traffic.. ,0
@stephenfry I got that tomorrow! ,0
I need a hug. ,0
I am wayyyy too poor  so bad.,0
I feel so far away from everyone! ,0
"VMWare, thy Perl API makes me sad ",0
lauren broke my dvd player ,0
is really bored and  has nothing to do!! ,0
"@galaxico - i have exactly the opposite problem lol boxes of milk, but no cereal ",0
@chiminychanga I can't  I get chills up my spine like imagining biting down on a metal fork and pulling it... Ok yeah I took the cap off.,0
@reatlas  Clean Me!,0
@writeplayrepeat probably wont make it tomorrow due to the fact that I have to go rescue a friend later tonight.... sorry ,0
Called RADIO DISNEY 2day &amp; they ANSWERED! F*ing FINALLY. Requested &quot;I WANNA KNOW YOU&quot; by David Archuleta &amp; Hannah MONTANA. didn't play! ,0
"just fell asleep for 6 hours, what a wonderful way to spend a Friday night. ",0
fire in the south Tower...now i'm stuck in Riddel! ,0
Susan made me a good breakfast and now we're headed downtown to the Opening Ceremony.  Thunderstorms predicted all day. ,0
@ParentStudent Oh!  Well done though!  Did I tell you I had to give up my course this year?  ,0
"Just got DailyBooth, I keep getting told to so I did.. Gah.. Add me or w/e? The names GracieGee.. Dont mock Im new lmao ",0
@arancinibaby eheh yea it's pretty heavy!!  am about 2 fall asleep!,0
@monseur77 u gotta wait till next year ,0
"@MickyFin Ah yes, I think that would be ideal. Sadly, I don't think my budget will stretch that far just yet! ",0
"Working on the final project, course work from early morning, still a lot of stuff need to be done ",0
Another rainy weekend ,0
in bed being taken care of by nurse cat. she's wonderful! watching the sunshine outside wistfully ,0
@nate_robinson sorry you did not get your size ,0
God I wish we had taco bell here in england ,0
@KrisZombiee  sorry u feel that way i wish i can make u feel better...,0
pukebuckets... someone really upset me today. ,0
Why did nobody tell me that American Adventure closed down?! ,0
Jack Kemp passed away  politician from NY but also played in NFL for the bills.,0
@danigirl76 i think iï¿½m gonna send him a msg on myspace. i hope he will reply... @JustMe_Viv yes me too... i hope he really does ,0
bored and with no one to talk to.... ,0
@ taylorgenovese you still going to film tonight? I need a ride  http://twurl.nl/ldoxpk,0
still waiting on my sb6 album/poster to get here ,0
The hardest part of homework is deadline ,0
Lacey doesn't like me anymore cause her bug ,0
"@pmatty ahhhh that's so shit  I don't want it to leave, I love going on the rooft",0
"my whole life ive wanted to be a superhero, you know that? sadly some dreams can never come true ",0
at juan's house. awwww today was our last performance of the musical im sad  someone text me.,0
I really wanna learn how to harmonize by ear ,0
@ChicagoRose @ConnieCuervo  i dont have ichat and the rest of the world does,0
we actually did a 3 day trip; covering around 80 kms a day. But to plan one in May is a bad idea; you get tired real fast ,0
NEEDS to work but WANTS bath ,0
Ugh i'm at school already ,0
im gunna get going now the sooner you start the sonner you finish but i dont think i will finish  bad times love you all update soon x xx,0
@girl2008 he's much better this morning thanks. I use this enzyme stuff on him. Had to stay out last night &amp; he's a bug sissy about that. ,0
my twitter isn't working on my phone ,0
Route 666 episode.  This title always makes me laugh.  I grew up not too far from Highway 666.  Made me sad when they renamed it  ,0
"I'm sad, I can't wear my UggBoots anymore ",0
@JoshyCouture  roof top time.,0
Bummed  Got the length &amp; one long side of edging done b4 realizing an error in my math. Need to find a new edging for scarf now ,0
"@invalid_reality Dude, my Caps lost.  Who do I sue?",0
not feeling so well ,0
WE ARE 7th ON THE LADDER!!  we are sinking lower and lower every week boys! Where did that flare we had in round 1 and 2 go?,0
i hate them. and myself. how come? ,0
@xoMusicLoverxo Haha. Yeah I KNOW I need to update. I feel so guilty for lagging. ,0
commerce study is dull to the max. I hate tests ,0
The ducks just flew outta Tony Soprano's pool ,0
Going to lunch with my dad before he heads back to Brazil... Everyone else has already left. ,0
just got home from breakfast with my family for mothers day... need to do homework now ,0
"@Jakoby0905 Same shit, we just got extention... And its stressin me. ",0
someone get on an talk to me  I'm bored and working on a site,0
@Bec__Stanton it wasn't really more PPT I was thinking of  #cua09,0
@theebayk1d True. We get unlimited calls w/ Telstra for about $100US. Only comes with 150mb data though  Coverage is FULLPROOF.,0
i just want to be better ,0
"up at 6am, had a coffee and is off the school soon ",0
http://twitpic.com/554gy - my messed up casted hand  sigh. i did my best.,0
Did you forget everything we ever had? Did you forget about me? Did you forget about US? ,0
why dont mcfly do signings near hartlepool... its not fair ,0
i wish i had schrodinger's cat ,0
"Hello Twitters!!! What a rubbish, rainy and cold day we are having ",0
Missing work from yesterday galore... ,0
is sorting out her playlist for tomorrow's radio show... it's the last one of the year ,0
Back is sore from sitting on chair for two and a half hours gettin tatted up!  never again..,0
 its not fair idk why he doesnt like me,0
My night is shot! Im mad  I wanted to go out,0
@IamDomo You are silly! It doesn't look like she is Tweeting anymore  I can't find when/where she came through at.,0
i worked 10:30 - 2 today and now i'm home alone doing assignments ,0
"What? the Crossing is never coming out, too? Damn IT. this year Sucks for games.",0
am really tired but cant go back to sleep ,0
so i took my cereal to work this morning but the office fridge is all out of milk ,0
@jemappellebrttl yay bruce! I miss youuuu ,0
"@ramses101 st voyager night!? oh no, i missed it being out dancing  =A=",0
"Up, gotta sing in a couple hours, LORD I am tired. Might not be making that beach run today, I got a lot of work to do ",0
Ah fk I hate going to church. I am so not a holy person! ,0
@Snappsgirl89 I just paid to have them bathed... now they are going to stink...   waste of $$   booo hooo... Good Luck... hopeit goes qk,0
Farting on trains ,0
"So very bored, and got a sore throat again!! ",0
@Ceilia_Aleen cilly willy gueros puter isnt charging ,0
bangalore has to get past the deccan team on 21st or tuesday agst the daredevils (unlikely  ) #ipl #superbowl,0
"@fullerc boo cough  no ren fair for you either? Suck  I hope you feel better, call if you need anything ok? (medicine, tea, more beer..)",0
Going to dance rehersal!! ,0
Looking at the great yorkshire run details for Sheffield. It's down a dual carriageway and then back along the other side. ,0
I wish I was at the beach.  fail for work,0
Phaa  Can't sleep cause Im on a diet and have stopped drinking alcohol-went to bed at 12MN last night and was up at 6am this morning!!,0
"@_VQ_    Your Dallas, Boston, and London options are looking mighty fine a.k.a. no quakes",0
"Good morning world, i'm already tired ",0
"@bomchikawahwah No I haven't, unfortunately. And while I study I won't be able to travel much. ",0
@Karen230683 I wish I could have done that today. ,0
I juasmnlgndksineus I FUCKING HATE TYPOS!!!!!!!! MY ITOUCH DOESNT LIKE ME ,0
Off for more blood letting at the hospital !! ,0
just can't be arsed with this exam  3 hours in silence... *sigh*,0
"I should be getting a little more revision done but I can't decided what to wear, ",0
. what's everyones up to? really tired! watching depersate housewives  needs a hug!!! ,0
@imsoharlembitch yea I understand sorry about that ,0
is not having a good day - my speakers have broke (music is a must while working) and a bird has pooed on my washing ,0
I'm sorry that I haven't been able to do all my good mornings today  busy morning.. Hope u all have a fabulous day!! God bless,0
dead roses in my room like all my life.. ,0
"am sick, i hate being sick, and the doc wont let me work because i have the flu... not that flu! just the regular flu.. ",0
Its a dirty rotten day out ,0
"Jersey is having a very hard morning, screaming as if she's in pain and having trouble eating, moved Dr. Appoint to today,so sad for her ",0
doesn't know what to do... Go to the gym or go home!? ,0
catching up with work ,0
@TootsiiePop....so not fair I been askin for a movie date gurl..nobody wanna take me..  guess im washed up..lol,0
"Standby starts in 2 mins, blue skies in Ayrshire, consequently expecting the phone to ring! ",0
"@PixieVonDust *kicks stones* Wasn't me, Miss ",0
Hungry and thirsty but it's too close to lunch to go for breakfast. And my last.fm library keeps crashing as soon as it's pas the advert. ,0
@susie107 I assume you're 2nding my comment abt Baby P? Are things like this coming more common or are we just more aware? It's very sad ,0
Class  grre I hate testing time,0
WHY WON'T RAGNHILD ANSWER ME?! ,0
@juliefacex I have NO idea...scary. I'm eating lunch...do you know why M&amp;S cut out the middle of teh cucumber in their salads? ,0
talking to erica in english is gayy ,0
"@Justineedge ooohhh dang, sorry to hear that ",0
Someone tweet ,0
@niftynique Ugh!   Hope the BBQ goes well without rain! ,0
Left the house but forgot to repaint my toes! I feel so naked! ,0
@tb78 half an hour for lunch??? Lucky if I get 5 mins! ,0
is absolutely starving. But too sick to eat anything  bleck.,0
Boys keep sending me porn of themselves. Me no likey ,0
@sharongs Thanks - I will try to be patient.  I go through this alot.   but never feel this crumby.,0
@funsizedmimi14 @hollaferheatha quit this chit-chat about tubing and tan lines on sunday  it's bad enough i cant get off work.,0
@chatterboxreb my iPhone is tainted now ,0
@kirstiealley  thats not nice ,0
A tendon in the back of my knee has been tightening and pulling all day. The weird thing is that it makes my eyes water every time..   ...,0
@therealnobody  thoughts &amp; prayers out to you,0
@kfoxxy07  Kay i'm sad my team lost..so heartbroken,0
Tired as hell  why does being sick throw off your sleeping patterns?,0
"the sad part of life is that you outgrow relationships  and then no matter how much band aid you put on it, it is too late !",0
ughh headached ,0
@math_d0rk in the faucet. But it's too hard to drink right out of it. ,0
"@AnneMarie_x ME TOO, MAN. CYNTHIA IS COMING. ",0
"@XXjenXX09 yeah  ugh, that was terrible!",0
@OfficialSTaylo yea sorry..need some sleep or I can't function! ,0
Wow.  It's 11p and I'm dog tired.  I miss staying up til 2 ,0
I think i need a pet... cuando tenia mi gallito era tan feliz ,0
lmaaaaoooo I took a shit in school that fat bitch told the whole classs ,0
fucking in pain while I sleep twisted my ankle really bad  playing basketball at stewart park ova south! damnn. tweet me bored.,0
you know that time when you realize your babies aren't babies anymore? That's where I am  bittersweet . . . they grow so fast . . .,0
mmm much better day... so far! it's still quite early. last day of #uds ,0
sleep....good night tweeties!!! down to OC tomorrow. I hope and pray that Rachyl gets better SOON!!! ,0
as if i finsh work at eleven.. IS THAT EVEN ALLOWD?  cauz i really dont want to.. lol,0
Just awoke in a completely freaked out frantic frenzy.  It's going to be a long night.,0
NO! Our TV's busted  The screen turned white for about a nanosecond while it made a quick &quot;popping&quot; sound.,0
"i dislike math, but math HATES me ",0
Listening to the Legally Blonde musical soundtrack. Lamenting not going anymore. Perhaps I will buy a nosebleed seat and go alone. ,0
@indiepixie omg a roach was in my room for the first time ever in this apartment today. I hope I don't have Patricia luck next ,0
"he switches off his cellphone!! huaaaaa, i cant sleep  buzz me bebe..",0
i looking at failure ,0
Waiting for 5:00 &amp; having cramps ,0
@natashaaaaaa awlll mann  we should meet up this summa or something!,0
My son's first tooth came out but he left it at school ,0
bad mood and i dont feel good. too bad no one cares ,0
Fml just ran a mile.. And I just got scraped by my yearbook and I got 1/10 on my math test. Eff today ,0
I am out of credits - must work on my playlist  ? http://blip.fm/~7a7tv,0
"Now, I regret not going to see Up today. Damn you, messy room. ",0
@StephenMulhern I'm absolutely jealous as hell of Brenda   ,0
I got up early to pay bills. I figured its like a bandaid if I get it over quickly it won't be so bad... I was wrong ,0
my finger is now pregnant ,0
"Too many cocktails last night, my head hurts ",0
"just camee back from bowling, which i offiacial suck at ",0
@bwexxx  i hope you hoes are having so much fun...not TOO much without me though lol,0
@IAMtheCOMMODORE yea well your not going to be #fullmooncrazy in Toronto  boo!,0
@tokiohotel4lyf but I nbd got it  haha!,0
@Fheffinger wish i was there and not editing tonight ,0
@EliteTravelGal done that! actually I reached the hotel at my and realized I didn't have my purse while checking in ,0
coding advInter is much more fun than infostudio ,0
@kgilla wish i coulda made the concert ,0
should have been asleep for the past 1.5 hours. ,0
so tired of picture books and finding their concept of childhood. wicked needed damn parents banning me from going till exams are over ,0
@jtauber This is an absolute first for me. Usually the a long sleep is actually what cures them for me. ,0
yest i had a gud travel from chennai to trichy... Got the last seat  due to late booking...,0
"@Tanya_Naughton im better now, they took our furniture, bikes, appliances, u name it they took it  miss u too, hopefully ill see u soon xx",0
I don't feel like doing my work. ,0
My sticker is about to fall off.  my Breast Cancer sticker I got from Danny's party - I stuck it on my phone. ,0
Leaving for Ottawa soon. Joy. When my best friends parents aren't home and she's having a party.  ,0
Packing and listening to the stonkingly good further complications. Looks like a nice day out. And I'm stuck in  boohoo.,0
trying to understand . ,0
I don't want to go to work today ,0
nobody answered my question this morning ,0
I have THE most painful blister on my heel thanks to my sandals. Stupid shoes. Ended up walking home barefoot it hurt that much! ,0
@wesupportniley omg no way!  damnit. niley needs to get back together now.,0
its so cold but i need to go out for walk to get my car ,0
"@therealashley i am wonderful! god, i haven't seen you in sooo long.   hope all is well lady!",0
I'm very disapointed supernatural season 4 is all finished.  cain't wait for it's return.,0
"@SapphyNo1 He has but the DM has vanished somehow (I didn't delete it, honest!) and the link went to a site I couldn't do anything with ",0
Round 1: Flawless; Round 2: Diversity; Round 3: Flawless. FLAWLESS K.O.!! Sadly probs won't be the result. ,0
Sp2 installed successfully but I didn't gain disk space like everyone else ,0
ahhhhhhhhhhh so much due this week... ,0
@xoxoexohexoh How was your yard sale? And sorry for texting you so late last night ,0
Graduation went great. Although now I have a ridiculous headache ,0
stupid itunes...none of my plain white t's songs won't play ,0
you bet your sweet aspercream! ,0
DEm i miss old music u know 80's  now we are stuck with lil wayne =p,0
@Carterism It was super confusing at first but now I know how to play. I lost ,0
I feel a pain in my stomach when rock band is mentioned. All my progress somehow got deleted! I was a rock immortal! ,0
Wants to talk can't sleep ,0
"so now, I only have 30 rb in my wallet ",0
is takin it easy tonight. im broke ,0
@SchuggaJoy  its a repeat  I'm wathcin OPRAH.. ugh... I can't fall asleep ,0
"Ah, needs sleep. Might not go to California afterall ",0
Hope u guys are havin fun!!! I'm here at home being sick. Yup I'm having fun too. ,0
I lalalaloooovveeeeee UP!  SO CUTE!!! But also so sad  BUT SOOOOOO CUTE!!!!!! I KNEW I WAS GOING TO LOVE IT!!!,0
"@CarolBomb Gawd, I hope so too. A genuine threat could possibly mean a repeat event, if we find her... ",0
@moanyboot just tell him to clear off you should be able to enjoy the sunshine in the privacy of your own garden ,0
my leg is ready to commit suicide and just chop itself off... I don't know what I did to the poor thing but I apologize ,0
spose id better get on with the second section of this science ,0
I miss my girls ,0
"Uh oh, my camera is busted again ",0
got back from school gotta do crappy homework ,0
Leaving o town ,0
Dealing with pain today. ,0
@JThawley Madness drivers left is closed. Can't get there   Still looking around....  I didn't even get dairy queen for my 7th. Have fun!,0
- The grocery store is my 3G dead zone. ,0
cramps.. ,0
My stomach looks so big ,0
It peeves me that going to work from phong's takes 10-40 min...it fluctuates depending on traffic. I hate being early ,0
;-( phone is dying time to charge ;/) I only sleep 3 hours ,0
Yellow and white doesn't quite go with Emily's purple and white room... Blehblehbleh... When's Emmy coming home? ,0
"Jims been gone a week! My plane leaves Tuesday to see him, I miss home ",0
@GuitarHeroDLC oh well there goes my hopes for blackened and ride the lightning ,0
Going to camp david. No service there. ,0
I still feel like doo doo hate being sick I miss drinking ,0
@MATTHARDYBRAND I love that palce but they don't have one by me anymore ,0
@jessiesaly oh no  I hope you feel better for tommorow,0
Y!:I KNEW it!! Princess Bug is having babies! She is still only a baby herself! I'm worried... ,0
@samatlounge yes - I too must return to the grindstone and place my nose thereon ,0
Stuck on 2.9mb BBand  Engineer comming out tomorrow!,0
@johnnyalfredo So sorry that you're having trouble sleeping! ,0
"@Hanster7705 They always do it. They send out emails/texts to the actors, but never to the backstage people ",0
My fingers are in bits from guitar  lucky this is touch screen=] as for my fingers they're not touching that guitar for a while!!,0
"@ruberman totally, my brother its mean with me. ",0
"yeah but @ashleyaubrey tell me that wasn't the best thing ever. @omarandjohnny, will do! But Twatlight seems to be winning everything so ",0
Finally woke up and still feeling soooooo sick ,0
nothing feels right when im not with you....... ,0
i thinkk i miss my friend ,0
waits impatiently for facebook/hotmail/net bank to work on my computer ,0
Doesn't want another stupid needle  I need to get dressed,0
"Feeling the hayfever today, and oh look, no pills! ",0
Why do people who have no relevance to me follow me? Do I block? That seems rude.. Do I ignore? That's rude too! Too many silly updates ,0
RIP @leyeaaah 's dog Draco.  We shall see you at the skylines.,0
@nickmileyjonas I don't think so  I'll check later.. why? you have?,0
uneasy about my trip  http://plurk.com/p/xlzfe,0
@Alice4life we are newer hear at same time  u go to school by school bus? cool ,0
@Smeegazzle Been poorly since Australia.  You back at work already?,0
"omggg, i wanna go see @TraceCyrus (metro station) soo bad on thursday!!! i probably can'ttt  i'm freaking dying here!!!",0
thinks he just found one of his tshirts... on someone else on facebook ,0
Where my twitters @!?!?!?! ,0
Very sad Danny La Rue has died. I met him once when I worked in Gap Kids. He bought a lovely outfit for his niece. He was a very nice man ,0
@deastatic ah i wish i watch it  kamu suka stacked ga?,0
"im really in sad mood, my cat has been put to sleep today after i already thought she would feel better...R.I.P. Kitt ",0
wishes her boss could also be that guy.  so jealous!,0
@iambarley can't get twitterfox to work  Shall we publish TR?,0
@tabitharose93 Yeh we do ,0
@candace14   hope you start to feel better soon!,0
I'm loving the weather!! but not the fact that I have to work through it ,0
Im not in the best mood  i wish people would just not talk right now,0
Bored as crap in astronomy class. ,0
"@charlesmoreland Living in a foreign kitchen sucks. We don't my usual spices, and nothing is where it should be. Also: no venison. ",0
cricinfo changed to a new interface. now i am confused where to find live scores on the site ,0
@Piercing_thesky aww poor edgar ,0
I have a tummy ache ,0
@dbsalter yep ,0
"NOOOOO, NOT CHRIS! Gutted. ",0
Listening to Press Conferences... buffering... ,0
Yeah. Me too. I totally know how you feel KT...    ,0
I wanted to win a DSi   I tried so hard IGN.  I am sad.,0
having chest pains. never good never good. ,0
*HATES* the loud trains!!! I can't hear Maybe Baby with the window open and I bake with the window shut ,0
"@Freiyja  Shoot! They always seem to play &quot;Fur Elise&quot; whenever I hear them. At my gramma's, anyway.",0
@HolyPanic on the boards.....aka...Dylicious Dannie    i even apologized   ps thanks for the -hero pose- hehe,0
wish Reece would stop crying and just go to sleep ,0
I had a little oops moment and messed up my car ,0
"I wish there was a forest trail right outside my house where I could walk, hike, bike, and explore! Buuuut I don't. ",0
"Ugh. Why do people insist on hacking my Myspace ?  crazy, creepy nerds...",0
@VickyMathew dang i need cool stickers too  tell me your secrets of your sticker collection,0
"2 exams down, 6 to go!!! ",0
I wanna check out the new DJ Hero ,0
"@lamere thank you so much, looking at these pics makes me want to have one more ",0
Resetted Wordpress password via MySQL command prompt as described here: http://bit.ly/F1rTh  ,0
#TwitHive seems to be a cool Twitter App. Looks like  the small TweetDeck Web Edition ... cant yet upload images  http://twithive.com,0
is over her stupid car seriously It should have been  ridden off  ,0
"I appear to be getting blog spam that points to Google. They're not even trying to make the comments interesting any more, either ",0
@hecklerspray Its not working for me.  I tried to read something about Madonna yesterday.,0
goodbye gossip girl ,0
Now time to get to work.  200 emails to sort through ,0
Aneurysm is a terrible way to die. I don't want my brain to explode ,0
The weather forecast (Bay Area) is depressing me.  ,0
@DtotheUG oh ouch ,0
sucks that Lauren Conrad is not on the hills anymore. ,0
@mijafan darn..I thought JB actually had a chance..3 to 0 MJ  ohh well..I know that JB is amazing! ,0
"@Pat313 Yo, I accidentally erased that DM  can you resend it please",0
oh i feel sorry for this lady now  i do have a heart i do,0
http://twitpic.com/6hpu9 - staying home sick today ,0
@MadisonBraun I hope he does alright. Thats sorta sad.. ,0
@dawei_nl and you can't tweet with your love ,0
making a CD for his bro montana... my shoulder hurts. ,0
I love being nice and people using me ha get the fuck out or cheer me up ,0
Just had a black out. ,0
@davidshoare Perhaps the Holby ambulance was on its way to Cardiff ,0
Just had a really bad nightmare ,0
"Fever, virus...words I don't like hearing ",0
"@StarshineAmber aww, i thought i thought i could do it? ",0
@animesh1988 :mesha! gtalks been  blocked  at ps da   am stil in hyd will be here for quite some time i think.where are u interning,0
is having such a bad day already ,0
No one will ever again think I'm quite as perfect as my son does at this age. Its Awesome !! I don't want him 2 grow up ,0
@dannywood Sorry Danny i am gonna miss the tour! u See my show was TODAY!!  hope u guys have a blast though,0
"Drat, play cancelled due to bad weatherforecast &amp; now it's absolutely gorgious outside ",0
ooh bye mcfly  the brazilians cry :'(,0
The photos of cadaverous (http://cli.gs/WqtsX7) people at http://millionsofmouths.com/info.html are heart wrenching.  How can we all help?,0
Powers out ! ,0
@itsjustgoldie @odubb I have never watched NICK as a child ,0
@sweetcarol yes the sad part is that i cant go pick it up until Saturday.. i haven't the time. ,0
poptarts shouldn't taste like medicine ,0
AFK for a while--that lousy 4 letter word WORK calls ,0
@andyclemmensen haha ouch ,0
cannot seem to catch some zzzzz's ,0
@PoetressFloetic Sorry babe   It got infected.  Not good!  Hopefully he can pull it soon.,0
"Haha my cat is under my covers. Poor little thing, she's freezing  I'll keep you warm tabby!!",0
@ThePaulDaniels not many like that now ,0
"is out of space on her gmail account. apparently, google can't host more than 8GB an account  now what?!",0
@joana_280 oh yes oh yes I do ! ,0
@andrewschof Forever Autumn is my favourite. My mum says my 'record album' is still with her. From 30 yrs  ago ,0
@BlueInDaUK  not exactly what i wanted to read!! ,0
"I got an award, but my parents don't give a shit. ",0
"@RickJameswife @MAbeo I can't make it tonight  But on the plus side, I think I'm starting my new job tomorrow morning, bright and early!",0
Sitting here typing on fucken TWITTER cause my stupid mom is making me! ,0
listening to matt wertz 519. y do gd usa musicians never come to scotland ? :S  ahh well heres to hoping,0
@CARAluvsMATTY http://twitpic.com/6o0ha - o ya? well screw him! i was a rocker 4...a long time! its da only ducky i am ,0
wow so fking bored ,0
it is sad to hear live music from a distance and not be able to go hear it ,0
Is going back to work monday... why!??? WHY!!!!!?? WHHHHHHHYYYYY!!!!!!!???? ,0
ahhh I can't sleep. Somebody sing me a lullaby or something ,0
gaia isnt as addicting now   BORING.,0
@CherylH77 Yay for you being home. Boo for your body going skitzo. ,0
@mandydemoo haha no i went cuz the skin on my neck was pretty much falling off from eczema ,0
Cracking up at this movie. My throught hurts. Imma screw up. ,0
"No one has twitter, damn. ",0
@emiliapaps I'll be working  what you up for? How long for?,0
is singing &quot;everlasting love&quot;  http://plurk.com/p/ysntz,0
Yay! I got to play against a titled player! I lost. ,0
i am in bed poorly ,0
"looking for an excuse to learn cucumber, anyone recommend a decent book on BDD, my grasp is flimsy and I missed NWRUG ",0
Nothing better than getting up at 6:30am on a Saturday to go into work. ,0
@indieknits Is my beau on the beers yet? Bad news about the boiler ,0
@LynetteRadio OMG! No glasses?  Awwwww. sorry about tht,0
Major leak in the gym's roof yesterday. Thought when I moved I wouldn't be wondering every time it rained hard if I'd be soaking up water ,0
@Dave_Annable i kept my updates crummy like you said but you didnt follow me ,0
No luck for Nori's wife ,0
and when its bad things just get worse! ,0
"OMGPOP, is like failing,.. ",0
@Paramount5ive were you in Gvlle? I woulda invited you to the townhouse to pregame and to the party with us. BUMMERRRRRR... ,0
I should've never got my hair cut  I miss it being long,0
"Hates being home, boring as fuck ",0
bf brother went back to PI &amp; we wont see him for another 2 years. hope he stays safe ,0
@oasis yea but u know every1s just waitin4 u lot!! im bk at work n bk 2 fukin reality ,0
Is Doing Homeworkk ,0
"I have a headache, need a nap, and am sad the boy is leaving for a week tomorrow! ",0
I wish my cell carrier had more smartphone options.  Only blackberry &amp; one Windows mobile phone.  I don't want either.  I want a Palm ,0
@JenniferWrong No need for the coarse language ,0
@tinmouth what's wrong? ,0
at work. ,0
i have to go to bed now  can't believe school starts on monday...ewwwwww. NIGHT ALL xxx,0
leggy leggy leggy leggy blondie blondie blondie blondie... I hate being sick.  17 pills in two day. What.the.heck?!,0
My hubby is taking me out to dinner for my b-day tonight. Should be interesting since there isn't a lot I can eat until after surgery ,0
"gone to dq, pce saturday night. ",0
"@karenabad nope  kindda sucks but hopefully will find something soon.  miss u too, hopefully you're having fun in Vimeo!",0
&quot;Ms. White...in the lounge...with the wrench&quot; Followed by:  &quot;Who the fuck didn't show me the lounge!?  Who the fuck- oh.  I had it.&quot; ,0
Anybody know of any live streams from the US vs. Honduras game? I'm coming up empty!  #ussoccer,0
"@H2Ohexagon I get it too, but not as well as you ",0
"@KrisSimons  You're way ahead of me, then.  I'm still an MVC novice.  I don't get to code much at work   It's like a weekend hobby.",0
@zackalltimelow awwwwwwwwwww  have fun.,0
@AlexAllTimeLow don't have another anxiety attack alex. ,0
@mzyw - It's already a long weekend.  Looks like it's only going to get longer. Muuuuuuuuuch longer.,0
@susqhb Cute pix! Wish I was there ,0
@fany8 hahah...your loved but you chose to leave me ,0
graduation was awesome! it's over now  but i can't wait to begin a new chapter in life &lt;3,0
Woke from my nap with a cold sore.  Boo. Instant mashed taters were pretty awful too.,0
dont you just love this fantastic weather ,0
@lunarismoon I'm so jealous of your hot tub time. Wish I had one. ,0
is feelin so so sick after massive night out n no sleep yet has night helped ,0
@Tabitha_Twitsit I haven't met my mummie. ,0
i'm now getting paranoid that i maybe blocked again for an hour ,0
I like women even less now. I hate it when I'm right and I still feel like the asshole ,0
"Wisdom tooth pain does not seem to be going, been a week now and it still really hurts ",0
@RPGgddss yeah - it's a true story written by a columnist about all the bad things his dog did. Marley eventually gets old &amp; dies ,0
i wish i were with you right now ,0
getting ready for brunch w my friend at nyc....then going home  ...,0
"@wiens111 if my neighbors don't stop breaking up daily, it will always be like that.  they just yell!",0
Hmm.. Seen some nice houses in Milan but i dont think i would compare them 2 my house in LA! i MISS David  idk how i hav time 4 dis? Hah x,0
I just spent my last five bucks on a sandwich I didn't eat  meh http://myloc.me/2VKj,0
@alisabetita omggg yess the bloopers!! shet i really LOVE them! They never should have ended FRIENDS! ,0
thinks back 2 it 2morrow WAAA  x,0
"just got home, work at 2..dont really have time to take a nap  i need to eat, wash my face, do my hair and makeup ",0
how did i manage to get burnt today  soo tired! good day thouuugh..!,0
"@DebbieFletcher after i told you,  you understand why it's so bad? ",0
"crank up the music, time to study for finals ",0
I suck at rock paper scissors! Am I that easy to read? Damn @ralphveezy and his hold 'em skills. Stupid doddy ,0
@xorachel63xo  nooooo i had to refresh kuz my internets a douche and now im not in ur room! ,0
"@dougiemcfly when I read that I thought it said last show then American tour, I died. If only It were true ",0
 really dont like 3-11 shift especially on Sundays,0
@skweeker Real question is it an NWS #fail or an equipment #fail? This police scanner has never let me down before. ,0
Ily too call me later then ,0
Oh dear. Red Ring of Death on my Xbox! I was just getting ready to introduce my daughter to Tetris. ,0
I hate traffic. ,0
@ear1ess ,0
Yorks &amp; Humber 6 seats CON 2 Lab 1 Ukip 1 LD 1 &amp; a Fascist ,0
Fuckkin boo - stressed out man ,0
@kalannstudio Oh. You don't know what teddies are? ,0
"@jchase79 I wanted to go to chili's for dinner, but noone else did. ",0
@SurbBee YOU FINISHED THE WHOLE THING? OMG THANK YOU im only half way done..i guess there no point of me BUT I CAN;T OPEN IT ,0
"So bored, no one is on myspace, aim, twitter, buzznet, and I have no new emails  message me! Haha",0
avoiding dong my psychology homework dame essays ,0
@thediamondsky @hepburns Someone once told me the grass was much greeener on the other side. Well I paid a visit.. ran out of characters ,0
My tummy hurts ,0
severe case of procrastination going on here ,0
Shoulda given it to LO.. Oh well ,0
@xShellNvrBeMex3 you better come in thursday or ill have to kick your butt lol...and work was busy as hell but i cried bc i didnt see u ,0
Missed your goodnight text  - Rest well as I will love you always!,0
ahh keep tossin n turnin cant fall asleep! too much on my mind ,0
i miss demi  come back to los angeles uu,0
it's four in the morning and @ceoramershon and I are on our way home and my tail light is out ,0
"no, it's raining again ",0
"@mollyjm_ the new myspace player is shit, thats why ",0
Up to my eyes in paperwok at the moment. Swine Flu really taking off in South Glasgow ,0
i gonna start packing  and i  am soooo sleepy UGH!,0
is yil3an shopping! where did all the gorgeous shirts go? Wait for me ,0
Cara: right i have nothing to do now!  :L,0
"@sallyjos unfortunately, things like that were all too common when I was in highschool in SC... so gotta give them the 20th century too ",0
@KatieeHowell i miss you too  xxxxxxxxxxx,0
some one stepped on my toe last nite and broke part of the nail... don't wanna wear shoes today. ,0
@Wayne_Luke don't you just hate it when that happens ,0
c'mon people follw me ,0
Annoyed that she's awake right now ,0
goin' to the gym..checkin' up on these jobs..hoopin' it..then school tonight ,0
@TeddyGlamorous very very cool!! they havnt released the information for the britney show in philly yet! ,0
sunburn is much better today. I'm not hurting near as bad. Too bad I still haven't gotten much done around the house!! ,0
"couldn't sleep but when i did sleep, i woke up late. now i'm going to have to go to work and i didn't get to spend much time with husky ",0
@mmitchelldaviss I'm a nice person; really.  I'm not mean.,0
I have a list of things  I really enjoy and they're all creepy. ,0
swim practice! i thought there wasnt. BOo!  lol,0
@JMcColgan i was trying to google to see the dress vanessa wore last night and stumbled upon that ,0
confusion happens on a regular basis for a confused person like me.. ,0
Forgot what it was like to have 100 degree weather every day... no fun sweating to death on our evening bike rides... ugh ,0
"@vickytcobra We had nice weather this morning, then thunderstorm all afternoon too. ",0
@kevinhughes92 i wish he would've also but he didnt ,0
@Randomly_Weird ur eating ice cream tooo ... everybodys eating ice cream ... menos yo ,0
"@lexiphanic eh, my GoCard just ran out too. I hate paying with cash. ",0
Still waiting!!!  out of dr pepper. :'(,0
I just found out that my father got laid off a few weeks ago ,0
i seem to be incapable of sleep before 2am ,0
@JaysJank Why am I mean elsewhere?  ,0
@Ynaku I know yah. ,0
@dolphinnancy sorry mommy  i miss you too!,0
it's so weird to be lounging around in a total stranger's house.. It's damn awkward. ,0
hates his voice played back on camera ,0
I haven't tweeted in forever  I'm solo tired. Shopping and working tomorrow!,0
"Lots of missed calls, and I don't wanna go home ",0
"@smellycents thx we'll see need to work my way up to it, really want to be trained for it by next year..resources are tight right now tho ",0
"just got my computer back, told the guy I'm seeing we're over today...  ",0
"At this rate, I am gonna be a chocolate. ",0
still not asleep and it's almost 1:30 ,0
@ayende tragedy  wish you figure out your way home soon....,0
"Have a lovely day tweeters, i'm off to sulk because of lack of tea bags ",0
I feel like i've been neglecting my twitter fam  I've just been soooo busy with moving and then my old apartment was broken in2 &amp; trashed,0
I think it's time I went home. Unfortunately I will have to do some work tonight. ,0
Oh nooooooooooo!!!! I'm now 8.5 stone  I've always been 8 on the dot.... Don't tell me my eatings days are becoming affective ,0
ummmm rip to micheal (jasmine step dad) ,0
" i need followers-Statellite TV on your desktop PC, Laptop, Iphone, etc. go http://bit.ly/0MI93H",0
"In Humanities, still miss Lucy  x",0
"i hate mysteries..esp dose dat involve ,me.. ",0
yuk yuk yuk have a horrid sore throat and feel totally crap  its not fare am going to sulk ,0
my ppt on sql injection is rejected coz it hav very basic topics covered in it ,0
Ahhh! phone call woke me up this morning ,0
No dead people wanted to talk to me. ,0
have 5 bow headbands for everyday of the week.  &amp;shopping just now- was super stressful. ,0
"@BlowhornOz Oh, well that's no fun. ",0
my computer is being super weird lately   like since last night,0
@VanityCrush Thank you. ,0
"@videocamgirl Sorry, no low coming around here and it's not winter. ",0
"Just made some homemade fried pickles! They don't make them in Sarasota, FL ",0
@KHLOVIS OMG noooo way!! We're growing up so fast  I'm gunna have to hit her up to congradulate her..,0
Oh Lord its finally over! Putting myself on lockdown until warped. I really wanna go out but oh well. &amp; I miss SLYM ,0
2425 with 14 min left in first level.. Started with 4500 ,0
"@evatography my Sandypup died overnight.  She hadn't been ill or acting any different, so it has been a shock. She was really old, though.",0
"@gwabir I hope you're wrong... lol, I dont think is swine flu, I went to Oaxaca and I think the fucking change of weather made me sick ",0
@akishino babeszz!! we're so fierce. It was HUGE. Sorry about the marc jacob goggles  only means u have to c my gorge face again very soon,0
Holding a funeral ceremony for the bird the boys found ,0
I wish it'd stop raining so I could go to the beaaaaaach.  ,0
@drewseeley whaaaat?  I did NOT know that!  How did we miss it?  ,0
what is wrong with my twitter..sum thang aint right.. ,0
sending shazwan off to kemaman ,0
just received the news that I have to self-quarantine myself for 7 days ,0
I have a stupid hangnail ,0
We had a slight drizzle today. That is going to make things get hot in Mumbai! ,0
@jonathanlumang I don't care. I must watch the entire episode. ,0
@denicphotos LOL! I mean ... I'll roll by there with you. I just won't eat the red meat. ,0
@skanwar Thanks! Now to stop ice cream and sundaes...it's going to be a dry summer lol ,0
Feels bad  going to sleep. I can't be here and in cali and make everyone happy  if I could I would boo &lt;3,0
Where are the tweeps? ,0
...went to the beach today...but soraya cried the whole time we were there!   kenny and randy got swept under waves!  muahahaha,0
my sanguine ideas of a tropical holiday seem to be fading.. ,0
@Kuronee I hate that I'm always asleep during your radio show ,0
twitter doesnt show my god damned followers ,0
@DylanYourself Aww.... I tried watching it but i don't have that channel ,0
@davidmerin Hang in there. ,0
@MisDeeds I'm with you on that one  lol,0
"Going to school, If I had take the tests in the right day I would be on vacations right now  Argh...",0
is hunggry ,0
@EskimoJoelted Aww.  Okie. That sucks!,0
"Oh darn. I have sooo much to catch up with my anime watching and school. Because of our trip, I've been waaay behind. ",0
"@charmwitch @xelhes Oh wait, sorry! I just realized beach sandals = flip flops. You guys and your English  How come they don't allow it!?",0
On my way back from the airport  I need sleep!! I'm exhausted.,0
just bought my vegas tickets. Be there July 2nd. Failed at my first two attempts to satty the ME though ,0
@ChantiParnell aww!  not good! your media group has turned the heating up and its stuffy! iv been for a wander! hahaaa!,0
@MercedesBeth Don't leave me Mer! ,0
@dancewithothers the white thingy that clips it to the laptop has snapped so i can't put it back on  will leave it for now tho,0
@MissHTML Ihor didn't go with you guys?  Hope you're having fun! How's the trip going so far?,0
"Crap! I m broke, need an adventure any digestions ",0
"@surajram And @surajram is way, *WAY* more distracted than I am. Sigh ",0
my twitterberry is busted ,0
has to go make tea now  y cant my dad cook? ive got coursework 2 do!!,0
"@bryoniedillon i never used to mind them but im just not a fan anymore, and eh thanks for texting me back ",0
"Getting ready for the day, I miss my hair extensions ",0
I still haven't seen my report card!  My dad finally paid the stuff I haven't even go to get it yet! I'm so angry right+sad right now! ,0
@thecropsie  Are u using CS3? It could be worse... I'm still on CS2.  ,0
@PaulaAbdulRocks yes.. I'm really sad  but at least I dreamed!  Love you,0
"@MaddyJonasx3 i want to go really bad, but another thing is i have finals the next day ",0
@OfficialBabyV  Help! How are you listening to radio disney in canada? They broadcast in the US. The website only shows US stations. ,0
@davestyles Aww! I'm sorry to hear that  Drink some medication. Hope you get well soon ,0
im a bad friend  ROFL i think im starving her ! HAHA ! and she has a massive headache too ! ,0
went and deleted a ton of DMs...... made me sad  i miss some people,0
4th post of the hourly thing. at this point im still reading at the job and i am starving.  anyone knows good jokes that can b posted?,0
We love on a hill but you have to go into at least one valley to get here from town. @alex_Landefeld still hasn't made it home. ,0
"@nawong, oh no   That icon was so nice.  Notice I said was, now it's not ",0
@michxxblc im sowwy boopsy!!  I KNOW ME SAD TOO!!!! DAMN!! Im going to suggest that they do more saturday shows next tour!!,0
I miss my owner. ,0
No tattoo for me tonight ,0
"@cossiebaby LOL, I'm guessing that it's going back then  Sad.",0
First they were only allowed to have 1 kid. Now only 1 dog too  http://www.msnbc.msn.com/id/31411348/ns/world_news-asiapacific/,0
"all my music is gone.  argh, what happened?",0
Packing  I do not want to leave.,0
www.tail-wags.com ...really cute concept but the website doesn't really work on Firefox ,0
"Adium, why do you take two minutes to load? Does this have something to do with my reluctance to update anything on my computer? ",0
"finally bought halo 3, wanted to pwn n00bs. put disc in xbox, nudged it while spinning up, disc scratched, no haloz for me  fml",0
@babydollniki Almost a thousand dollars. ,0
"@Ninepinkbears awww mr  your cute as a button, I'm sure you won't be single for long *cuddles*",0
@fredrikkk yea. I want things to change over the summer! ,0
@FrazJ Ya you do...you'll post a picture of somewhere &amp; then you're gone!!!!!  why? are we not married anymore? lmao,0
I can tell he frowns a lot by the wrinkle ,0
..have to say goodbye and say my sorry's to a great buyer ,0
"@Blonde_M I don't think that's the most efficient way of slitting your wrists. John the millionaire hasn't called, has he? ",0
@HannahRobertson Vintage Turntables.  You'd have a needle/cartridge problem. Find a DJ Supply store. My TT is digital. Too lazy to record ,0
Bringing Niece to airport!  bye Nessa!,0
"Time is running out so fast, we're sinking in the sand ",0
Last days of college tomorrow. Going to miss all you guys that aren't coming back in September!  x,0
Mom goes home today... boo!  Gonna be at least I year before I get to hang out with her again... more boo!  ,0
Looks like #BudTheSpud is back on the north side of the library at least until the end of August. Couldn't find anyone to buy their truck ,0
ahh what does it mean when there is a giant spider in my sink??? ahhh!  help meee,0
I drank hot hazelnut coffee and now I can't taste my fruit by the foot ,0
I hate that we fought so much to the point of a fucked up ending.. I wish it was back to the way things were... ,0
@PCleezy ummm when you told me you wasn't going to have food for me  I don't play when it comes to food LOL,0
complimentary bike valet @topshop in nyc! no fair ny gets all the cool stuff  topshops letting ppl rent bikes for free too...,0
 graduation,0
Sad to report that Subway has discontinued shredded carrots and Mediterranean salad dressing. What next? Cheese? ,0
If one more person ask me what happened to my ass I'm going to cry. I miss it too ,0
"@ShannonRaeP OMG, I am so sorry  Ya...I like the Tahoes, but would rather get a Denali ha. I can't deal with cloth interior, freaks me out",0
It's raining again &amp; I think something is wrong w/my car tire ,0
Going back to Barnes and Nobles for another book! Why did I hate reading in Highschool and now love it? I am officially a book nerd ,0
will never be a good road warrior.  I miss my hubby and puppies too much.  Room service is not quite like Tom's cooking ,0
at target but reeeallly sleepy. they don't have the env touch ,0
"@tasialarri lol...yea your right..im so serious...its sad  , and I was salutatorian in high school lol",0
Some super drunk bitch and her friends asked my coworker and me to make out. My coworker is a guy. They thought i was gay ,0
Tired. Can't sleep. My duder may have to have surgery again and won't be home til at least Saturday ,0
@DudinhaMelo HAHA that makes me sound really old  LOL,0
JB IS SUPPOSED TO BE ON. NOT THESE OLD GRANDPAS!  i didnt count down to this!,0
@demongirly check ur sent DMs...it auto dms EVERYONE...i had to revoke permissions on it  ,0
"So laser tagging really wasn't that bad, it was actually borderline fun, but unfortunately it caused a great amount of pain to my foot... ",0
"@ the Continental Club for Beetle Band &amp; decompression.  Tummy is upset, so no dancing for me. ",0
going away now... leg is hurting ,0
@minaluvsjonas i know i was like awww joe.. dont do that..lol. sadness ,0
@SACO88 nope they are gone ,0
@XGraceStAcKX  thanks. xox,0
"@dainfamouskid18 OMG! lucky lucky lucky! i just saw her one day, when she came to Mexico City, i went to the hotel but she was tired ",0
Headache...  Sleep now!,0
Aww man. I'm here in Vegas having fun but I still wish I had a significant other ,0
Heavy nausea ,0
too much manohara!!! ,0
ewwww watching a baby being born on tv  gross,0
@tkniep You will be missed. ,0
"Greenifyer didn't work for me, made me all black  so here's my new avatar, greenified the (very) oldfashioned way :p",0
Washing clothes. Hoping that the doc will call her in some meds today ,0
@Dr_Phillips THEY DID  also i have a really good joke to be made at a later time?,0
http://twitpic.com/7shiu - wanna go again    it was fabulous,0
@tuileries Much more sense!  Didn't get to Ladyhawke as she'd sold out   Hows you lovely?  How goes the flatmate hunt? x,0
Mornin...TFGIF...workface ,0
@bethg40 I am not happy about that either...we don't have ac at home ,0
My bagel was so yummy I want another one ,0
"I thought I had a fly on my arm and was ready to go all Obama on the sucker, but then realised it didn't have wings. Twas a spider. Urgh ",0
"Ugh, Mitchel Musso isnt sending out anymore Tweets!! Im sad. ",0
"@KaivaD and yeah- it's sad that Ashley had to go, she was cool, but the others were great also! - stupid people who voted! ",0
@kmack1023 I missed the FedX truck!! Only have a slip to pick it up after 6!!!  ,0
"Dr. A: I think I did read that email, but I haven't looked at it again.  Man, you guys are so mean... ",0
Why is no one replying to my messages?  ,0
"@AnoopDoggDesai Oh, no!  Let us know when you reign supreme again, okay?",0
missin my cuzins     we need ta hang out more!!!,0
@sweetblyss i don't know how ,0
Wants a macbook. Windows sucks for creating beatzz ,0
@leojeanette I can't hear it from my phone  email it to me!,0
SO. I WANT TO GO TO SIX FLAGS OH SO BAD!  JULY MAYBE? I NEED A SECOND JOB ASAP! LOL,0
"yawwwwwn! fell asleep before, wanted to sleep all night but couldn't so back on here it is  msn is hilarious tonight! ",0
@joshmatlock Wish we were joining you guys. We have to clean out our garage to take stuff for the youth yard sail. Fail. ,0
u juz signed out like that?? ,0
@blondeychic lucky im cleaning ,0
@Evan526 happy  I deleted all of my tweets...I am sorry their website confuses me. Now you don't have to get mad at me,0
I'm having withdrawals!!  Hope I get my fix today...,0
Having a bad day because of my parents....   ,0
@lalalalaurynn oh no you didn't! :O i'll call channing and tell him  he'll be furious at you,0
people dont take me seriously do they? ,0
"i was really excited over finding banana cake mix for 99cents, but i just looked at the box and it says &quot;best if used by May 2007&quot; ",0
@thecityforever ,0
@DCMABNIKKI LMFAO! ur Grandma is the bomb! never had a grammy ,0
@Awmygoditsgabby its not gay i was joiking hahahaha thanks by not following me  ahahaha follow zach though,0
My roof is leaking ,0
happy about the end of a heavy week at work but worried not finishing everything I was supposed to ,0
"In a ridiculously bad mood, what the eff man?? ",0
Had sum delicious Wendys about 30 mins ago n came home to find my mom just cooked. Had to stuff myself so she wouldn't feel bad  I'm sick,0
@littlemissfae ugh. i want fries ,0
"oooooh. sooper seekrit drama at werk.  At last, I'm in the loop...but it's not what you think.  Tension headache refuses to die ",0
@ashley_baby13 Sadly studying. ,0
"Must clean my rooooom    prepare for a giant bag of crap to be thrown out; I don't put it there, rubbish seems to breed in my room",0
misses you ,0
"@lilmissdainty ya, but of course, i wont' blame it all on religion.people will find a excuse elsewhere if religion is not there, to fight ",0
I miss you chair... ,0
I wanna new iPhone 3Gs.  I don't wanna wait until July 13th for my contract.  *pouting*  ,0
"nevermind, no ben button tonight  i'm wayyy too tired.",0
/me is sickly...this does not fare well  wish me lucky sleepz,0
going to work againn ,0
"@kc0eks Lol, I miss having a normal sleep schedule.  I just wish I lived somewhere with a night life. ",0
Time to get on the cross trainer and then off to work for a crappy 10 hour shift ,0
Laying on my bed..been waiting @hhendryksen for 5 hours  i think i stay home tonight,0
@LynneHutcheson awwwww tht sux   how long do u think russ will be in the uk for????,0
Lawd. My friend had panic attack on plane and had to be removed  Talking him through his post-attack.,0
Hmm rain rain go away... I guess we'll do open art fun another day ,0
hahah!! it's Iklan's come closer not iclan!!! T.T typos ,0
@jr_smith1 I thnk u need to change ur password u have that followers virus. ,0
aw ive while heartburnnnnnnnn ,0
&lt;3&lt;3&lt;3Just Woke UP! About to make a homemade music video !!!(Then i go to clean my room again  &lt;3&lt;3&lt;3,0
suddenly.... kochi has lost its colour.....   am bored ,0
My meet up with tuti was great. We had movie and good food  I miss her alot I miss the days we chase 2pm together ,0
Headed to funeral.... ,0
Watching the rain ,0
"my af!s are no longer fresh to def, just fresh. ",0
"ughh, I hate violin right now...why cant I do it?   ",0
"im hungry  and tired, i think its this weather hahaa..",0
Almost done then off to the lake! Can't wait! I hear its nice outside? Wouldn't know  no windows,0
i am exhausted... but cannot sleep well at all atm  it is annoying!!!,0
"I hate Roxette singing in Spanish, though. What an awful idea! Who is the stupid bastard that translated the songs???? ",0
i got 2500 i got all the questions right but very low bonus  check how up 2 date u r with celebs http://games.people.com/games.trivia/,0
i hate it you havent text. I also really hate that the room is spinning to bad ,0
Why is Photoshop only letting me color certain parts ,0
Waiting for the train so i can carry my ass home. I miss my bed.   &lt;HoUsE Of CaSsIdY&gt;,0
Just been watching the official TT tour vids for every venue-Sunderland and Cov got ticker tape! We didn't get any ticker tape!!! ,0
http://twitpic.com/7z74w - at Shaoyi's wedding. She was too busy and had no time to take picture with us... ,0
@refuse2bdefined awe  I'm sorry ,0
"I feel terribly ill, i've felt this way all day. ",0
@tuftedpuffin Oh dear.. that's no good ,0
I lost all my contacts ,0
"Wow, Twitter is awfully quiet tonight. People must be sleeping or partying.  I have no $$ so I am stuck home alone. ",0
"@AngelofMusic895 That's cool, though! Holding words that say HBD or something. AHhh i'M NOT IN IT.  Poor me. HAHAH.",0
@fiftypavements they don't air here so I have to watch them on YouTube ,0
come back to me please ,0
twitter break later.  another reason for sadness.,0
sooooooo bored today  need fellas(read friends) to talk. do u ?,0
@grace1086  mala! I'm over here still downing this bottle you couldve joined me,0
Still in Philadelphia. Flight delayed again  If I'm lucky I might just arrive in Montreal in the next 3 hours. Fingers crossed!,0
I am screeeeeeeewed... ,0
Is at Denny's. Aaron didn't come get us after all.  -Leo,0
"Attack Attack van died last night, needs a new radiator , had to cancel our headline show in Holland  hope a curry is gonna cheer me up!",0
"is staying home sick today, have a low grade fever, can't eat or drink ",0
"Why is Find My iPhone not available with '15 minutes fetch', but only with PUSH (drains battery!)?    #iphone #iphoneos30",0
@jameswhitaker thanks bb. im getting ready for work ,0
@hoskie holy shit!  that's so sad!  i'm so sorry ,0
I really wish i had the money to go home for my cousin's wedding next weekend. ,0
Good fielding  #PakCricket,0
@shineonmedia that saddens me. there are like no videos anywhere ,0
"I love him, but he has a lot of girls who love him... HARDDD!!! rrrrrawrrrr ",0
"@billyraz Happy Father's Day, Dad... though you can't enjoy it because you have swine flu ",0
@exlibris I have Crohn's too. Left me cripple for a few years. ,0
"@lauraveirs unfortunately for me, I always mistake this with a sign that winter is near, when in fact it's not ",0
"@Spike_Says Unfortunately she's pregnant, so if you bake her there's a separate bun in the oven.    Good to know she's breeding....",0
@sophiethomas_ ooft a really want a crunchie mcflurry now  haha,0
Going to give a presentation on Patrick Bateman (character analysis) tomorrow. Unfortunately not in a Patrick Bateman costume. ,0
@petsalive  its hard to have to tell people no. ,0
Needing to do some graphic ... but i really don't know if i have enough inspiration right now ... ,0
@DavidBrownSound Glad you had a good Father's Day!  Sorry we couldn't be there.  Morning in the ER with the flu = worst Father's Day ever ,0
Seagate unleashes three new BlackArmor storage devices and I thot I already had the best  of seagate http://viigo.im/ZiJ,0
@mrchgrl me tooo ,0
woo. one chapter in history done. too many to go ,0
Why r the mexicans cuttin the grass? They must not like me ACCCHOOO!!! ,0
"@Allieandra what? no?? ... oh shit, you're right ",0
"the sky looks majestic and the wind blows mighty but shucks man, my hair is messed ",0
@itz_cookie Hecky yeah boo. But there is a lot old classic stuff that i havent heard yet. LOL! I jus heard Reasonable Doubt last week. ,0
I am watching jon and kate plus 8. I feel so bad for them ,0
@tattoojack727 feel better! I have tonsilitis too and it's terrible  totally feel your pain,0
@cherrytreerec Martin give me a last opportunity.......!!Plz Honey  Dont be a badbum hehe..Plz last .4 ever!Plz..I,0
my arms are really itchy from the sun and now they are all red and are burning ,0
I'm really sad today  I'm unable to study today!,0
@lala_com the music player at lala.com is down and now I have no music at work ,0
I really wanna see transformers 2nite! ,0
Searching FNM tour dates on the web - why won't they come to the states? ,0
I have never had a blue smurfy lovefest ,0
no classes today.no intrams ,0
@7arah yeah.  ,0
Ellaboo is going to be here soon and I wont get to see her. Im sad ,0
@gwacee thanks grace. i hope you're feeling better! ,0
I missed BB tonight ,0
can't stop crying. ,0
"@allison__ aw, that's no fun! i put sunscreen everywhere else except my face in hoping that sun will clear up my face cos it's terrible.. ",0
doesn't feel well ,0
@redtoffee your wifey is still awake at gone 5am ,0
@shelbey me toooooo   http://myloc.me/5wZb,0
@BananAnna_Belle I think it is going to take you time to even start to try to figure out how you feel ,0
 I'm so depressed @kimhoward_ were sadd,0
says I can't access my Myspace account  http://plurk.com/p/13qo8k,0
@andyclemmensen http://twitpic.com/8cin5 - Wooow ! I really wanna go  Have fun guys,0
Weather.com says it is 61deg F - but it feels so warm inside  #summer #heat,0
@Cheekie32 just showin some southern hospitality hun lol....you aint have eat em all though ,0
It looks as though Shaq is getting traded to Cleveland to play w/ LeBron... Too bad for Suns' fans. The Big Cactus is no more  idiots,0
Listening to pop ballads is amazing.  Good times tonight with some great friends. I'm gonna miss alot of people in a few days ,0
I really hate Biology ! ,0
"@toniestipona Ooooh, I want cup noodles too  Thank youuuu! \/",0
oh dear. they think that conzilla's hearing is as bad as mine.  i've yet to be convinced however...,0
@shopadidasuk &quot;Gateway Timeout The proxy server did not receive a timely response from the upstream server.&quot; Can't get to the checkout ,0
I DO STILL LOVE U AND UR HUG! ,0
GRUMPY FUCK. i hate when people take there wee moods out on me. and i cant eat cookies cause my teeth ,0
i wanna take a sunbath in the backyard  but i have to go to the dentist.. well maybe after the dentist (:,0
is having a sadface fest because its raining and he left school early ,0
Ouh man... I'm ill.. Just feeling so bad with a damn cold  || Listening to Diva by Beyonce... NaNaNa  Diva is a female version of a hustla,0
"@AlanCMiller I should be now following. Cool cool. Ive got nothing planned today, well one opticians appointment! ",0
"Good Morningggg! sitting trying to wake up with my coffee, reading ash's twitter and i feel so bad for her, she seems so tired  ily ash",0
Burnt my tongue. Haaaaate when that happens. Everything tastes weird for ages... ,0
Just set up appt. for Demonica @ vet. ,0
"more dental work this morning, in some pain   have fun in niagara fall Caro...sounds like a nice day!",0
im off to lbaq training day 2. ,0
Just woke up! My stomach hurts bad!! ,0
The European PSN Store update is rubbish this week  I don't know what I wated but it wasn't that stuff!,0
Ah can't get my mind off HIM  so confused ,0
Rest In Peace Farrah Fawcett- You will truly be missed. ,0
@jeepersmedia hi mike did you hear the farrah fawcett died ,0
"RIP Farrah.. so sad that she passed, but was sad to see her suffering so much too ",0
Wishin Friday was here! my day off then i work saturday-friday ,0
@andyclemmensen lol i think the people who made the show like you ,0
@blogviet Give me your ticket number and I'll take a look personally. ,0
"@ossia, great post! i'll return the favor.  btw, your design skills are slick...very vimeo/twitter ",0
@Sky_Bluez Then you need a better class of clients. ,0
"@danpatterson haha Good Morning Sir  I agree with that, it is the Little Aggregator that Could!! Have a Funtastic Day man ",0
It's going to be 70 degrees in Salt Lake City today ,0
@candicee93 yeah I am I've been on I since sophmore year ,0
@DKNova What's retarded? YOU? ,0
@SoloRunner thank you! Have a safe flight! ,0
@teddyrised Glad we could help make your blog spam free! ,0
@matt_heath Does this mean you want 'Arry back when it starts to go pear-shaped for him up at WHL? ,0
Barely awake but still abuzz from last night's fun. ,0
@richardblais @ChelseaFC beat Arsenal 2-1 in case you missed it ,0
"@ianbone not yet, but I will, and yeah. ",0
"Hey guys see whats live on sports RIGHT NOW!!!!  Watch, have fun, enjoy the game!! www.justin.tv/scp_dabest_09_chelsea?56",0
"They say, &quot;Jamie, slow down,&quot; I say, &quot;Keep up!&quot;  lol...actually I have been a little chill the past few months...still busier than mos ...",0
@pricousins Ok good. We are just finishing up with getting the last two people in order. LONG day ,0
@mellierosey hey gurlie.  i found u!  ,0
is watching Burn After Reading with @alkane22 while doing pledge trainer things. ,0
"@ecctv Look what I just found while dong some cleaning!  If I had a mantle, it'd be on its way up there... http://twitpic.com/3ku35",0
@alyssapoppin  that's my girlfriend alright. Running into walls.,0
@nicefellow31 i actually agree. Gin-specifically Hendricks. Im on way home now tho...evening of craziness comes 2 end ,0
"eatign strawberries! Clo, ya found me! LOL! ",0
Follow http://twitter.com/DanicaDownfall     sweet tea,0
@iamdiddy im up!!! ,0
"@ddlovato I'm your biggest fan ever. SWITZERLAND is next to Germany, please come to Switzerland! here you have great cheese ",0
"Just got homeeee! Hellllla got facked up tonight, but i'm good now .. i think. ",0
Is now tweeting from Adium thanks to @jaspertandy. This will then more than likely be replaced by tweetie on Monday ,0
@FireboltX Thanks for the promo! ,0
Sundays = do the weeks worth of homework i have thats all due tomorrow... 2 more weeks!!!! ,0
just had a sweet nap. sun is shining again in paris ,0
@mirogechev Hey Happy Easter  How are you  ?,0
"Just seen an advert for coraline on tv!! 8th May, the world is good ",0
"Just came home from a very relaxing weekend at our camper. Thank you for all the follow fridays everyone, I will return the favor! ",0
At earth day in Balboa Park ,0
"@megsmarketing glad to spread a message like that around! and, yes, we optimists gotta stick together! ",0
playing with TweetDeck  // Geez... whatta dreams... *inlove*,0
Lol goodnight twitter buddy!  Occhi,0
@EgoPimp ty nice phots. Arthur seat and the craigs is my fav ,0
@rafiq please do. We can't wait to have you guys in Lagos ,0
maccas for dinner   hah im just so healthy!,0
@opheliatudeaux If you earned under the threshold it will be paid automatically the same way as your 2007-08 tax return was. ,0
"im home,so stuffed now....Gotta make luches and clean some more......wish i had chocolate ",0
@puffntuff that's pretty cool! ,0
I'm planning a trip 2 London dis summer. I'm lookin 4 an Acting  and Songwriting Summer Course or Workshops...Any suggestions? Thanks! ,0
"@nachimir excellent job, really nice instructable. ",0
"is going to the beach for a while. Would you care to join me? Picnic, sunbathing, fun and frolics. Alrighty then, who is game on then?  ",0
doing some research  tommorow presentationnn,0
drunnkk again ,0
Hmmm a few other people I wanna give shout outs to and they are @angieleah @geckodelimon @cocoancream and I guess @Magnum74 ,0
@TonyMast Thanks for the shout-out!  Too bad Discovery seemed to bag on YouSpoof 2.0. I think MvC could have won.,0
"Happy Birthday Iggy pop, Robert Smith and Michael Franti ",0
Back at work after a few days of some daem stomach problems. Too much action lately... well... hope it continues ;) In a positive way ,0
"@Allegromouse My pleasure, glad it helped ",0
"I'm listening to music, thinking of how wonderful everybody in the world is, how great GOD is, and glad that it is a new day! ",0
"Hey everybody!! Peace out!  I am out for the night! (maybe, who knows maybe I will be back on twitter in 5 min, but I will try not to!)",0
@mstinafernandez   so I know that was not meant for me... but... ditto...   ,0
sick and tired of making my speech.. damn ,0
@scottyoshimoto haha gosh randolph gets special treatment... adrienne and I have twitters too ,0
"The Halifax Pier is making light shine upon me. Soon I am, going to play some drums. great phun! ",0
@ash_CT  Thanks for yesterdays follow friday ,0
@gopalshenoy Oh--i can so relate!Hope u're able to breathe deeply soon ,0
"@hdaboss question is, how'd u kno i was up?! lol... but my night was &quot;ehhh&quot; So Im gonna spend my day getting cute 2 make me feel better ",0
@Svajen you're welcome  what kind of camera do you have?,0
"Yummmm...homemade pizza, the riches and my sexy bf. So happy  pause time right now please ",0
watching britains got talent just love that show ,0
@elanaspantry Great site! @DrNishant sent me ur way. Look forward to using some of your recipes. Go gluten free! ,0
@BlokesLib  It only hurts when you laugh lol ,0
Awww someone came up to me and asked me if I was Vanessa from Maxim ,0
Good morning world!!!     ,0
@dougiemcfly I just saw you on T4!  x,0
"@WildCook Oh, that is wonderful news!  ",0
baking fresh blueberry and chocolate chip muffins....yum ,0
Got Greenday tickets for October ,0
@lilithsativa damn dogs &amp; their uncanny ability to not be fooled by faking sleep. ,0
fruity pebbles...so yummy. ,0
"@Lollyjay Consists of Tequilla, Grenadine and Britvic Orange as far as I'm aware. A long drink and doesn't taste alcoholic ",0
The Navy's PT is nothing compared to the Army's. ,0
@TimeToGetYours i may return for a few ,0
@MalibuSugar yeah I wanna lay in my comfy bed and sleep!!! haha yeah they love me. I love my friends. they r awesome ,0
"@oopsnaya http://twitpic.com/4hebj - I remember &quot;I don't wanna hurt you, I WANNA KISS YOU!&quot; sjak No ",0
The hardest thing to do is forgive...but god does ,0
@deborapriceless okay ive added you  talk to ya later debbz,0
at home ... chilling with my family.  My baby is teething so we are having fun with that ,0
May 4th - 24 days until my birthday.  This is year 1 - I have seen pics of my 1st birthday and I had chocolate cake EVERYWHERE!!!!  &lt;3,0
@KaraSaysSo lol  i know ,0
@red_hawt Funny you should say that.    See my next tweet,0
Thank you for the follow @christinelu!  Looking forward to your tweets... ,0
@Zobi09 The cast of True Blood was there ,0
july!!!!  ,0
@roshnimo ask @RajaSen to create a fake competetion and declare you the winner and then gift you a return ticket courtesy the producers. ,0
@AntonKiselev Congrat on 4AM. I do it every day since one month. ,0
"@WatariGoro Yep. I hope my lame attempt with the spaces helped me to hinder them, lol. I know tomorrow I guess. ",0
"@marnixtfn Ahahahah, hello to you and welcome on twitter ^^ Got the hang of it already?  xx",0
@crazytwism  hubz company was organising ...i had to be there!,0
Goodmorning ,0
Listening to Miley Cyrus Breakout CD ! love it! ,0
"@LilBrownGirlie see most people didn't like deadpool cause it wasn't true to the comics, I'm guessing you like Ryan Reynolds ",0
i jus love doin night shifts...will be done in an hour ,0
Enjoying the heck out of spending time with Amanda.  Do i really have to go back tomorrow?,0
"@jefebarrio it was put on by our neighborhood, so just a little one. Like 25 runners. I got 1st place, with an okay time. I was happy. ",0
@rastin Nope I am in Coquitlam ,0
"@Suzyqbee10  very sweet!!! HAHA. I am like super proud to be a new mom!!! I feel like, i got the PERFECT daughter. And i am a GREAT mom!!!",0
@soaps3 Knighty Knight  ,0
wishing all moms out there a happy mothers day!! especially all the moms in the armed forces ,0
"i`m going to go to my enrollment today. probably arriving FB at 12. text me when you`re there, people ",0
@Quitefrank U KNO U WERE GONNA LAUGH. ,0
"@MedBotJinx (OOC: Now, to pick up with Jinx and Beta where they left off, hmm?  )",0
@SLotH13 ...Happy B'day  ,0
Installing cupcake 1.5 just got it over ATO ,0
Such a great season finale to Dollhouse!  Loved it! Can't wait for season 2!,0
@LexiePixie Cool! Have a super day ,0
"@liz_cheshirecat I think it is going to be a dark red.  It will look red! when the sun hits it, but not so much when it isn't...hopefully ",0
@JohnONolan yeah. it's 8am now. but i've been up since 6am and been at the office since 7... ,0
@abpersonality maybe it's not charging because the outlets are funky due to the fact that there is intense THUNDER AND LIGHTNING!!! ,0
@Joydaily I only show support to my hard working attractive friends with potential ,0
I love when it rains for real in Paris ,0
@lakeffectkid AHHHH let me know before so i can flip from Rules Of Engagment! Thanxxx ,0
@skeletonlights yeah i am ,0
"@CourtneySit so what do they say? My little cousin calls me Dorky because she can't pronounce it, now everyone calls me that ",0
"@VConfections I might take you up on some of those caramel nougats  I will be in Chicago in August, maybe I can pick up some strawberries?",0
hey can you guys recommend some cool iphone apps to me  ? thanxxx,0
@stefantribble Wow you sound wired! Good to know you're hanging out with us vicariously! ,0
"@KevinSpacey seems like you've met our ironic-rock musician Max Pokrovsky at Ivan the Terrible event. Nice guy with weird voice, right? ",0
@mileycyrus I LOVE YOUUU!!!! i really want to meet u u r my role model... and i hate gossips about youu!!!! ,0
My problem is that i cant find guys as attractive as i am ,0
"@lizanadya lol! yea girl, it's a course, and yuppie it's private ;) I'll look up if there's one in Bandung so u're able to join it ",0
@MorpheusSoul I'll be here!!! Soulful music as medicine ,0
@albeitludicrous Where would I find the automatically sign me in button please? ,0
ish leaving for da mall in a minutes ,0
Bye - LEARN ANYTHING ? I Did  http://bit.ly/1AJJGU  Thank You Father - Good Lord Thank You SELAH,0
Going to watch season finale of Lie to me ,0
@Seriouz973 heyy! yuuu welcummm ,0
"@beth_clagg Yes, I am crazy, although I prefer the word &quot;odd&quot;.  I was just thinking that that song has to be sang with a bit of dancing.",0
@lindseyftw come to oly ,0
"@dirtyrawr haha tan bella, y awwww that sounds cute ",0
Tried to go do a little shopping for Israel and every store we went to was closed! Lame! I guess we'll relax at home ,0
@valkyrie19 Thanks for the birthday wishes ,0
Shoot tomorow nite is cinespace...hahahah j/k yeah let's watch star trek again!! ,0
Amazed @ how much work I got done today. That 2 on a Sunday! Caught up on stuff that was pending since April. Was it the coffee or what? ,0
Good day today. Saw stephen then went to big bear with zack. And then dinner with my booger ,0
@ddlovato But i think u didn't changed. You still demetria devonne lovato  And you've not the &quot;big head' no. You're the best !,0
@iAMCHuCKDiZZLe THANKS FOR PLAYIN @JAYROCK SONG U KNOW WE FUCK WITH U..OOH AND U KNOW U WERE MY 1ST FOLLOWER ,0
@Goldele great  - I won't say anything...but I'm sure you know what I'm thinking. I'm a deviate.... but a respectful one!,0
@MFbrian Thanks. I took a pic of my own in that Parking lot on Fig yesterday on way to Staples Center .  MANNYWOOD!!,0
"@joaosantos_ Mr. Higgins, bom dia my sweet. Murphy is so ass kicker. Get ready. ",0
"Im also waiting for Selena's album! I'm soo excited, even though I dont really like her singing, I'll buy it  i support all disney stars!",0
@msonline_uk ram is pretty cheap &amp; easy to upgrade nowadays ,0
is wondering how this twitter thing works ,0
@nickwriter How about just banning the whole day itself?  ,0
hahaha hmmm... that's a tough one....should come see me soon  x,0
"@hotpatooties what a bummer, I was looking forward to that...oh well tomorrow it is  You having a more chilled day today? x",0
#examen09 Succes allemaal..! ,0
i always look forward to #musicmonday! this is great..  im all giddy again. happy monday everyone! ,0
@Nabaishko Thank you  They will do well I am sure of it.  They are fantastic motivated kids ,0
@Georgecraigono haha I LOVE SINGING ABBA IN THE SHOWER! Good on ya ,0
Update: Haskell compiler has been upgraded to version 6.10.1  Happy Programming! ,0
this is confusing ,0
"@OliverPhelps good luck, my friend ",0
Been hunting for the wire grids to build a Cavy Cage for my guinea pigs. No luck! Anyone who can help...HELP! ,0
"Guys....for the ultimate secrets on blogging &amp; money making online, Jason @johncow is the go to guy! Follow him n do visit his site ",0
Hudson is cracking me up this morning. ,0
@iantalbot  ok #1 im a ney yorker NOT a jersey girl ,0
Looks like I'll be spending more time in Chicago the next four years. Son's very excited to go to DePaul. ,0
"@AllyBingham yeah, but i wasn't. i'm sure josh would appreciate an addition to his face, if it's from you  hehe",0
"#mindboggles: When Apple creates proprietary software, it's revolutionary. When anyone else does, it's a #fail.  ",0
There was another grassroots gig thing on last night  this time twas The Wombats  hooray. x,0
@JonathanAB it's my birthday. ,0
"Well so far so good this morning, looking forward to finishing already though. lol.  Roll on my 4 day weekend ",0
"@xxTashyCxx Wanting to follow you, but Twitter's search facility can't find you. LOL. You have a nice smile ",0
@Tripdash whats the plan guys? ,0
@legallb Thank you for the reco! ,0
@tteague Send them to join the MPs - cheaper if we discredit the whole lot of them all together ,0
@SexySus1e hope its the new #Green Day album - 21st Century Breakdown? ,0
thank god!!!! 2morrowss test got cancelled.. now i can peacefully sit n watch the swearing in ceremony.... ,0
"huge good luck to both of you, may you fly tomorrow, I'll be at mile 22 in spirit, and thinking of you as take icy dip in Otley tomorrow ",0
@perthtones thanks lovely... it certainly gets my toes'a tappin'  xx Warm non germie hugs your way x,0
"It's Friday! It's Friday!!! IT'S FRIDAY!!!! So glad, but lots of work to do this weekend ",0
Can't wait for POTC marathon with ,0
@clinek Why thank you Pope Cline ,0
Going shopping with why husband!  ,0
"@terraM WORD! If I can get it, it's MINE. Doesn't matter if you put a lid on it, put it behind a cabinet, or kept it behind a closed door ",0
went to Stoneys last night and had so much fun! Joy this is the going to be a great friendship! I love the way God works!!! ,0
@NiGhT_RaVeN13 i wanna see yours! dailybooth it pleaseeeee ,0
@Hazelbird Just realised I wasn't replying to your tweets LOL  Will do ,0
"VeRy, VeRy, VeRy, VeRy, VeRy, VeRy, VeRy, HaPpY ",0
shit so happy it's it's it's.... just i'm happy ,0
@nathanmills a DTI mug would definitely do LOL ,0
@jamtrivino Thanks friendship! ,0
@RobPattzNews ppl have been saying Michael A. is in italy w/ KS but a friend just saw him @ big boy's in burbank.thought id let you know. ,0
"Maxdamage, MCJ and Sneaky Panda are debating over Twitter abbreviations. It is Tweeting (posting), Tweeps (followers) and Twitter (app). ",0
@ddlovato Demii cant you give us a preview or something like that soon? i really wanna hear it ,0
@eddyizm Why the  ? Would you like a cookie? cookies = ,0
me and Cherise have been to the gym 4 days in a row. i am very proud of us. ,0
@TwistedMacSista Shut up...and good night.  *smooches*,0
Running a hot bath.  ,0
going to bed. rest well my twitter friends ,0
@PnmaB yes! just loaded...thank u ,0
@EmandSamMac hey i thought we were meant to stop you from buying stuff so u can save for Italia! ,0
@_JAYYTEE YUUPPP  ii gotta suitcase for each type ah item yo...(1) Shirts &amp; SOME hoodies..(2) Jeanz (3)Kicks pt.1 &amp; 2,0
@sittinhere_ yes its a big hint.  u are businer than I so let me know your schedule now thru next week ,0
Sitting in the rain but this time happy cos we're in the awesome Daintree rainforest and the suns been shining all day anyway ,0
You may not reply to me! But i supported you on my bloq! www.expressitbritt.blogspot.com -- hope you like it!  yur dope! @MAESTROKNOWS,0
@britneyspears can't wait for your new radar video ,0
search seek and destroy... bug ,0
@justbart  lol ,0
man.. i already miss the blocks of cheese and the bottles of wine...and steak too ,0
@jeffmoo where you goin boo?    AHHHHHHH I've never been outta the country before!  (Mexico doesn't count!),0
@SteviBianca keep quoting Soulja Boy and i WILL block u. Happy Friday ,0
